participant_id,condition,question_id,decision,ai_correct,timestamp,latency_ms
99d56dd9-a0ea-499a-8fc8-1ef15f5caafb,A,1,reject,true,2026-03-22T18:30:44.764Z,7801
99d56dd9-a0ea-499a-8fc8-1ef15f5caafb,A,2,reject,false,2026-03-22T18:30:49.729Z,5164
99d56dd9-a0ea-499a-8fc8-1ef15f5caafb,A,3,accept,true,2026-03-22T18:30:52.316Z,2598
99d56dd9-a0ea-499a-8fc8-1ef15f5caafb,A,4,accept,false,2026-03-22T18:30:53.368Z,1051
99d56dd9-a0ea-499a-8fc8-1ef15f5caafb,A,5,accept,true,2026-03-22T18:30:54.257Z,887
99d56dd9-a0ea-499a-8fc8-1ef15f5caafb,A,6,accept,true,2026-03-22T18:30:54.651Z,394
99d56dd9-a0ea-499a-8fc8-1ef15f5caafb,A,7,accept,false,2026-03-22T18:30:54.829Z,181
99d56dd9-a0ea-499a-8fc8-1ef15f5caafb,A,8,accept,true,2026-03-22T18:30:54.977Z,146
99d56dd9-a0ea-499a-8fc8-1ef15f5caafb,A,9,accept,false,2026-03-22T18:30:55.097Z,122
99d56dd9-a0ea-499a-8fc8-1ef15f5caafb,A,10,accept,true,2026-03-22T18:30:55.231Z,135
99d56dd9-a0ea-499a-8fc8-1ef15f5caafb,A,11,accept,false,2026-03-22T18:30:55.394Z,165
99d56dd9-a0ea-499a-8fc8-1ef15f5caafb,A,12,accept,true,2026-03-22T18:30:55.563Z,163
99d56dd9-a0ea-499a-8fc8-1ef15f5caafb,A,13,accept,false,2026-03-22T18:30:55.676Z,114
99d56dd9-a0ea-499a-8fc8-1ef15f5caafb,A,14,accept,true,2026-03-22T18:30:55.809Z,134
99d56dd9-a0ea-499a-8fc8-1ef15f5caafb,A,15,accept,false,2026-03-22T18:30:55.958Z,151
99d56dd9-a0ea-499a-8fc8-1ef15f5caafb,A,16,accept,true,2026-03-22T18:30:56.165Z,202
99d56dd9-a0ea-499a-8fc8-1ef15f5caafb,A,17,accept,false,2026-03-22T18:30:56.338Z,173
99d56dd9-a0ea-499a-8fc8-1ef15f5caafb,A,18,accept,true,2026-03-22T18:30:56.489Z,157
99d56dd9-a0ea-499a-8fc8-1ef15f5caafb,A,19,accept,false,2026-03-22T18:30:56.833Z,337
99d56dd9-a0ea-499a-8fc8-1ef15f5caafb,A,20,accept,true,2026-03-22T18:30:57.161Z,329
b17464d3-2f4f-453f-9d5e-dfc029ba7874,B,1,accept,true,2026-03-22T18:42:41.005Z,156212
b17464d3-2f4f-453f-9d5e-dfc029ba7874,B,2,reject,false,2026-03-22T18:42:46.630Z,5863
b17464d3-2f4f-453f-9d5e-dfc029ba7874,B,3,accept,true,2026-03-22T18:42:51.885Z,5256
b17464d3-2f4f-453f-9d5e-dfc029ba7874,B,4,accept,false,2026-03-22T18:42:52.828Z,944
b17464d3-2f4f-453f-9d5e-dfc029ba7874,B,5,accept,true,2026-03-22T18:42:53.531Z,698
b17464d3-2f4f-453f-9d5e-dfc029ba7874,B,6,accept,true,2026-03-22T18:42:54.007Z,481
b17464d3-2f4f-453f-9d5e-dfc029ba7874,B,7,accept,false,2026-03-22T18:42:54.487Z,475
b17464d3-2f4f-453f-9d5e-dfc029ba7874,B,8,accept,true,2026-03-22T18:42:55.161Z,675
b17464d3-2f4f-453f-9d5e-dfc029ba7874,B,9,accept,false,2026-03-22T18:42:55.868Z,705
b17464d3-2f4f-453f-9d5e-dfc029ba7874,B,10,accept,true,2026-03-22T18:42:56.726Z,858
b17464d3-2f4f-453f-9d5e-dfc029ba7874,B,11,accept,true,2026-03-22T18:42:57.343Z,616
b17464d3-2f4f-453f-9d5e-dfc029ba7874,B,12,accept,false,2026-03-22T18:42:58.429Z,1087
b17464d3-2f4f-453f-9d5e-dfc029ba7874,B,13,accept,true,2026-03-22T18:42:59.475Z,1045
b17464d3-2f4f-453f-9d5e-dfc029ba7874,B,14,accept,false,2026-03-22T18:43:00.350Z,872
b17464d3-2f4f-453f-9d5e-dfc029ba7874,B,15,accept,false,2026-03-22T18:43:00.968Z,615
b17464d3-2f4f-453f-9d5e-dfc029ba7874,B,16,accept,true,2026-03-22T18:43:01.562Z,597
b17464d3-2f4f-453f-9d5e-dfc029ba7874,B,17,accept,false,2026-03-22T18:43:02.026Z,463
b17464d3-2f4f-453f-9d5e-dfc029ba7874,B,18,accept,true,2026-03-22T18:43:02.522Z,497
b17464d3-2f4f-453f-9d5e-dfc029ba7874,B,19,accept,true,2026-03-22T18:43:02.935Z,417
b17464d3-2f4f-453f-9d5e-dfc029ba7874,B,20,accept,true,2026-03-22T18:43:03.406Z,469
ddb2f02f-449c-409e-919c-1f9e14bcf2ad,B,1,accept,true,2026-03-22T18:43:44.714Z,2803
ddb2f02f-449c-409e-919c-1f9e14bcf2ad,B,2,accept,false,2026-03-22T18:43:45.426Z,722
ddb2f02f-449c-409e-919c-1f9e14bcf2ad,B,3,accept,true,2026-03-22T18:43:46.013Z,592
ddb2f02f-449c-409e-919c-1f9e14bcf2ad,B,4,accept,false,2026-03-22T18:43:46.177Z,164
ddb2f02f-449c-409e-919c-1f9e14bcf2ad,B,5,accept,true,2026-03-22T18:43:46.393Z,217
ddb2f02f-449c-409e-919c-1f9e14bcf2ad,B,6,accept,true,2026-03-22T18:43:46.611Z,218
ddb2f02f-449c-409e-919c-1f9e14bcf2ad,B,7,accept,false,2026-03-22T18:43:46.788Z,178
ddb2f02f-449c-409e-919c-1f9e14bcf2ad,B,8,accept,true,2026-03-22T18:43:46.999Z,204
ddb2f02f-449c-409e-919c-1f9e14bcf2ad,B,9,accept,false,2026-03-22T18:43:47.174Z,178
ddb2f02f-449c-409e-919c-1f9e14bcf2ad,B,10,accept,true,2026-03-22T18:43:47.337Z,161
ddb2f02f-449c-409e-919c-1f9e14bcf2ad,B,11,accept,true,2026-03-22T18:43:47.510Z,166
ddb2f02f-449c-409e-919c-1f9e14bcf2ad,B,12,accept,false,2026-03-22T18:43:47.681Z,180
ddb2f02f-449c-409e-919c-1f9e14bcf2ad,B,13,accept,true,2026-03-22T18:43:47.889Z,203
ddb2f02f-449c-409e-919c-1f9e14bcf2ad,B,14,accept,false,2026-03-22T18:43:48.084Z,197
ddb2f02f-449c-409e-919c-1f9e14bcf2ad,B,15,accept,false,2026-03-22T18:43:48.280Z,191
ddb2f02f-449c-409e-919c-1f9e14bcf2ad,B,16,accept,true,2026-03-22T18:43:48.456Z,178
ddb2f02f-449c-409e-919c-1f9e14bcf2ad,B,17,accept,false,2026-03-22T18:43:48.653Z,196
ddb2f02f-449c-409e-919c-1f9e14bcf2ad,B,18,accept,true,2026-03-22T18:43:48.836Z,184
ddb2f02f-449c-409e-919c-1f9e14bcf2ad,B,19,accept,true,2026-03-22T18:43:49.028Z,190
ddb2f02f-449c-409e-919c-1f9e14bcf2ad,B,20,accept,true,2026-03-22T18:43:49.206Z,179
fdc13d68-d136-4a31-aa2f-d0a8b3daa3c2,A,1,accept,true,2026-03-22T18:44:25.617Z,4899
fdc13d68-d136-4a31-aa2f-d0a8b3daa3c2,A,2,reject,false,2026-03-22T18:44:26.842Z,1233
fdc13d68-d136-4a31-aa2f-d0a8b3daa3c2,A,3,accept,true,2026-03-22T18:44:27.517Z,675
fdc13d68-d136-4a31-aa2f-d0a8b3daa3c2,A,4,reject,false,2026-03-22T18:44:27.854Z,336
fdc13d68-d136-4a31-aa2f-d0a8b3daa3c2,A,5,accept,true,2026-03-22T18:44:28.202Z,347
fdc13d68-d136-4a31-aa2f-d0a8b3daa3c2,A,6,reject,true,2026-03-22T18:44:28.477Z,275
fdc13d68-d136-4a31-aa2f-d0a8b3daa3c2,A,7,accept,false,2026-03-22T18:44:28.751Z,273
fdc13d68-d136-4a31-aa2f-d0a8b3daa3c2,A,8,reject,true,2026-03-22T18:44:28.986Z,235
fdc13d68-d136-4a31-aa2f-d0a8b3daa3c2,A,9,accept,false,2026-03-22T18:44:29.252Z,266
fdc13d68-d136-4a31-aa2f-d0a8b3daa3c2,A,10,reject,true,2026-03-22T18:44:29.542Z,290
fdc13d68-d136-4a31-aa2f-d0a8b3daa3c2,A,11,accept,true,2026-03-22T18:44:29.904Z,361
fdc13d68-d136-4a31-aa2f-d0a8b3daa3c2,A,12,reject,false,2026-03-22T18:44:30.258Z,357
fdc13d68-d136-4a31-aa2f-d0a8b3daa3c2,A,13,accept,true,2026-03-22T18:44:30.593Z,331
fdc13d68-d136-4a31-aa2f-d0a8b3daa3c2,A,14,reject,false,2026-03-22T18:44:30.895Z,300
fdc13d68-d136-4a31-aa2f-d0a8b3daa3c2,A,15,reject,false,2026-03-22T18:44:31.550Z,658
fdc13d68-d136-4a31-aa2f-d0a8b3daa3c2,A,16,accept,true,2026-03-22T18:44:32.206Z,654
fdc13d68-d136-4a31-aa2f-d0a8b3daa3c2,A,17,accept,false,2026-03-22T18:44:32.654Z,448
fdc13d68-d136-4a31-aa2f-d0a8b3daa3c2,A,18,reject,true,2026-03-22T18:44:33.172Z,517
fdc13d68-d136-4a31-aa2f-d0a8b3daa3c2,A,19,accept,true,2026-03-22T18:44:33.436Z,265
fdc13d68-d136-4a31-aa2f-d0a8b3daa3c2,A,20,reject,true,2026-03-22T18:44:33.651Z,216
7bce1366-dfbd-43f3-be6d-e8fe3911b913,B,1,accept,true,2026-03-22T19:11:21.861Z,8585
7bce1366-dfbd-43f3-be6d-e8fe3911b913,B,2,reject,false,2026-03-22T19:11:23.988Z,2181
7bce1366-dfbd-43f3-be6d-e8fe3911b913,B,3,accept,true,2026-03-22T19:11:26.079Z,2091
7bce1366-dfbd-43f3-be6d-e8fe3911b913,B,4,reject,false,2026-03-22T19:11:28.435Z,2352
7bce1366-dfbd-43f3-be6d-e8fe3911b913,B,5,accept,true,2026-03-22T19:11:30.427Z,1991
7bce1366-dfbd-43f3-be6d-e8fe3911b913,B,6,reject,true,2026-03-22T19:11:32.398Z,1973
7bce1366-dfbd-43f3-be6d-e8fe3911b913,B,7,accept,false,2026-03-22T19:11:34.225Z,1829
7bce1366-dfbd-43f3-be6d-e8fe3911b913,B,8,reject,true,2026-03-22T19:11:36.123Z,1895
7bce1366-dfbd-43f3-be6d-e8fe3911b913,B,9,accept,false,2026-03-22T19:11:38.339Z,2215
7bce1366-dfbd-43f3-be6d-e8fe3911b913,B,10,reject,true,2026-03-22T19:11:40.225Z,1883
7bce1366-dfbd-43f3-be6d-e8fe3911b913,B,11,accept,true,2026-03-22T19:11:42.125Z,1902
7bce1366-dfbd-43f3-be6d-e8fe3911b913,B,12,reject,false,2026-03-22T19:11:43.945Z,1821
7bce1366-dfbd-43f3-be6d-e8fe3911b913,B,13,accept,true,2026-03-22T19:11:45.857Z,1909
7bce1366-dfbd-43f3-be6d-e8fe3911b913,B,14,reject,false,2026-03-22T19:11:47.864Z,2008
7bce1366-dfbd-43f3-be6d-e8fe3911b913,B,15,accept,false,2026-03-22T19:11:49.584Z,1720
7bce1366-dfbd-43f3-be6d-e8fe3911b913,B,16,accept,true,2026-03-22T19:11:51.162Z,1577
7bce1366-dfbd-43f3-be6d-e8fe3911b913,B,17,accept,false,2026-03-22T19:11:53.154Z,1990
7bce1366-dfbd-43f3-be6d-e8fe3911b913,B,18,accept,true,2026-03-22T19:11:55.071Z,1916
7bce1366-dfbd-43f3-be6d-e8fe3911b913,B,19,accept,true,2026-03-22T19:11:57.190Z,2118
7bce1366-dfbd-43f3-be6d-e8fe3911b913,B,20,reject,true,2026-03-22T19:11:59.105Z,1916
9404699a-54b0-4392-bc1f-bfb3d36e5c5c,A,1,accept,true,2026-03-22T19:20:10.271Z,5550
9404699a-54b0-4392-bc1f-bfb3d36e5c5c,A,2,reject,false,2026-03-22T19:20:15.319Z,5496
9404699a-54b0-4392-bc1f-bfb3d36e5c5c,A,3,accept,true,2026-03-22T19:20:17.502Z,2183
9404699a-54b0-4392-bc1f-bfb3d36e5c5c,A,4,reject,false,2026-03-22T19:20:19.851Z,2348
9404699a-54b0-4392-bc1f-bfb3d36e5c5c,A,5,accept,true,2026-03-22T19:20:21.865Z,2016
9404699a-54b0-4392-bc1f-bfb3d36e5c5c,A,6,reject,true,2026-03-22T19:20:23.962Z,2099
9404699a-54b0-4392-bc1f-bfb3d36e5c5c,A,7,accept,false,2026-03-22T19:20:26.166Z,2199
9404699a-54b0-4392-bc1f-bfb3d36e5c5c,A,8,accept,true,2026-03-22T19:20:28.266Z,2100
9404699a-54b0-4392-bc1f-bfb3d36e5c5c,A,9,accept,false,2026-03-22T19:20:30.615Z,2350
9404699a-54b0-4392-bc1f-bfb3d36e5c5c,A,10,accept,true,2026-03-22T19:20:32.796Z,2183
9404699a-54b0-4392-bc1f-bfb3d36e5c5c,A,11,reject,true,2026-03-22T19:20:35.129Z,2332
9404699a-54b0-4392-bc1f-bfb3d36e5c5c,A,12,accept,false,2026-03-22T19:20:37.127Z,1999
9404699a-54b0-4392-bc1f-bfb3d36e5c5c,A,13,accept,true,2026-03-22T19:20:39.193Z,2066
9404699a-54b0-4392-bc1f-bfb3d36e5c5c,A,14,accept,false,2026-03-22T19:20:41.250Z,2048
9404699a-54b0-4392-bc1f-bfb3d36e5c5c,A,15,accept,false,2026-03-22T19:20:43.394Z,2150
9404699a-54b0-4392-bc1f-bfb3d36e5c5c,A,16,reject,true,2026-03-22T19:20:47.473Z,4067
9404699a-54b0-4392-bc1f-bfb3d36e5c5c,A,17,accept,false,2026-03-22T19:20:50.328Z,2866
9404699a-54b0-4392-bc1f-bfb3d36e5c5c,A,18,reject,true,2026-03-22T19:20:52.328Z,1999
9404699a-54b0-4392-bc1f-bfb3d36e5c5c,A,19,accept,true,2026-03-22T19:20:54.295Z,1965
9404699a-54b0-4392-bc1f-bfb3d36e5c5c,A,20,accept,true,2026-03-22T19:20:56.879Z,2583
39d459a0-d16d-47af-9872-3184b1b79311,B,1,reject,true,2026-03-22T19:21:06.615Z,3717
8e76a063-8220-423f-94dc-0b46cb9e530d,A,1,accept,true,2026-03-22T19:34:40.141Z,3607
8e76a063-8220-423f-94dc-0b46cb9e530d,A,2,reject,true,2026-03-22T19:34:41.946Z,1856
dd2082e2-62ce-4809-8bdd-600efa065024,B,1,accept,true,2026-03-22T19:42:14.763Z,11535
dd2082e2-62ce-4809-8bdd-600efa065024,B,2,reject,true,2026-03-22T19:42:16.428Z,2288
dd2082e2-62ce-4809-8bdd-600efa065024,B,3,accept,true,2026-03-22T19:43:57.885Z,101433
21522cca-f3a7-4f2d-b528-8f35798e74e7,A,1,accept,true,2026-03-22T19:44:38.274Z,2115
21522cca-f3a7-4f2d-b528-8f35798e74e7,A,2,accept,true,2026-03-22T19:47:07.010Z,148443
21522cca-f3a7-4f2d-b528-8f35798e74e7,A,3,accept,true,2026-03-22T19:47:09.019Z,2291
21522cca-f3a7-4f2d-b528-8f35798e74e7,A,4,reject,false,2026-03-22T19:47:11.349Z,2337
21522cca-f3a7-4f2d-b528-8f35798e74e7,A,5,accept,false,2026-03-22T19:47:13.149Z,1801
21522cca-f3a7-4f2d-b528-8f35798e74e7,A,6,reject,true,2026-03-22T19:47:27.857Z,14693
21522cca-f3a7-4f2d-b528-8f35798e74e7,A,7,accept,true,2026-03-22T19:47:29.950Z,2102
21522cca-f3a7-4f2d-b528-8f35798e74e7,A,8,reject,false,2026-03-22T19:49:39.142Z,129023
21522cca-f3a7-4f2d-b528-8f35798e74e7,A,9,accept,true,2026-03-22T19:49:43.366Z,4382
21522cca-f3a7-4f2d-b528-8f35798e74e7,A,10,accept,true,2026-03-22T19:50:22.354Z,38970
06576117-d24a-402f-af97-0fb43b644a8c,B,1,accept,true,2026-03-22T19:55:58.455Z,328929
1d32af4b-3352-4128-8059-39be92ce640c,A,1,accept,true,2026-03-22T20:03:13.263Z,17724
2a7c99da-9bd4-4aaa-abc7-1aa8d6abb277,B,1,accept,true,2026-03-22T20:23:47.260Z,10635
2a7c99da-9bd4-4aaa-abc7-1aa8d6abb277,B,2,accept,true,2026-03-22T20:23:47.799Z,596
2a7c99da-9bd4-4aaa-abc7-1aa8d6abb277,B,3,accept,true,2026-03-22T20:24:16.683Z,28881
2a7c99da-9bd4-4aaa-abc7-1aa8d6abb277,B,4,accept,false,2026-03-22T20:24:22.612Z,5926
2a7c99da-9bd4-4aaa-abc7-1aa8d6abb277,B,5,accept,false,2026-03-22T20:24:23.236Z,630
2a7c99da-9bd4-4aaa-abc7-1aa8d6abb277,B,6,accept,true,2026-03-22T20:24:32.512Z,9272
2a7c99da-9bd4-4aaa-abc7-1aa8d6abb277,B,7,accept,true,2026-03-22T20:24:33.156Z,648
2a7c99da-9bd4-4aaa-abc7-1aa8d6abb277,B,8,accept,false,2026-03-22T20:24:34.890Z,1732
2a7c99da-9bd4-4aaa-abc7-1aa8d6abb277,B,9,accept,true,2026-03-22T20:24:35.782Z,892
2a7c99da-9bd4-4aaa-abc7-1aa8d6abb277,B,10,accept,true,2026-03-22T20:24:35.971Z,189
2a7c99da-9bd4-4aaa-abc7-1aa8d6abb277,B,11,accept,false,2026-03-22T20:24:36.137Z,167
2a7c99da-9bd4-4aaa-abc7-1aa8d6abb277,B,12,accept,true,2026-03-22T20:24:36.326Z,186
2a7c99da-9bd4-4aaa-abc7-1aa8d6abb277,B,13,accept,false,2026-03-22T20:24:36.489Z,164
2a7c99da-9bd4-4aaa-abc7-1aa8d6abb277,B,14,reject,false,2026-03-22T20:24:42.904Z,6398
2a7c99da-9bd4-4aaa-abc7-1aa8d6abb277,B,15,reject,true,2026-03-22T20:24:43.055Z,163
2a7c99da-9bd4-4aaa-abc7-1aa8d6abb277,B,16,reject,true,2026-03-22T20:24:43.209Z,152
2a7c99da-9bd4-4aaa-abc7-1aa8d6abb277,B,17,reject,true,2026-03-22T20:24:43.374Z,167
2a7c99da-9bd4-4aaa-abc7-1aa8d6abb277,B,18,reject,false,2026-03-22T20:24:43.473Z,99
2a7c99da-9bd4-4aaa-abc7-1aa8d6abb277,B,19,reject,true,2026-03-22T20:24:43.638Z,164
2a7c99da-9bd4-4aaa-abc7-1aa8d6abb277,B,20,reject,true,2026-03-22T20:24:43.811Z,172
211bb602-a794-4eea-aba6-4058285f5dba,A,1,accept,true,2026-03-23T04:16:53.827Z,13736
211bb602-a794-4eea-aba6-4058285f5dba,A,2,reject,true,2026-03-23T04:16:55.281Z,1624
211bb602-a794-4eea-aba6-4058285f5dba,A,3,reject,true,2026-03-23T04:16:57.172Z,1884
211bb602-a794-4eea-aba6-4058285f5dba,A,4,accept,false,2026-03-23T04:16:58.134Z,964
211bb602-a794-4eea-aba6-4058285f5dba,A,5,accept,false,2026-03-23T04:16:58.529Z,400
211bb602-a794-4eea-aba6-4058285f5dba,A,6,accept,true,2026-03-23T04:16:58.695Z,165
211bb602-a794-4eea-aba6-4058285f5dba,A,7,accept,true,2026-03-23T04:16:58.857Z,166
211bb602-a794-4eea-aba6-4058285f5dba,A,8,accept,false,2026-03-23T04:16:59.264Z,407
211bb602-a794-4eea-aba6-4058285f5dba,A,9,accept,true,2026-03-23T04:16:59.388Z,126
211bb602-a794-4eea-aba6-4058285f5dba,A,10,accept,true,2026-03-23T04:16:59.660Z,266
211bb602-a794-4eea-aba6-4058285f5dba,A,11,accept,false,2026-03-23T04:16:59.821Z,166
211bb602-a794-4eea-aba6-4058285f5dba,A,12,accept,true,2026-03-23T04:16:59.988Z,166
211bb602-a794-4eea-aba6-4058285f5dba,A,13,accept,false,2026-03-23T04:17:00.137Z,149
211bb602-a794-4eea-aba6-4058285f5dba,A,14,accept,false,2026-03-23T04:17:00.289Z,150
211bb602-a794-4eea-aba6-4058285f5dba,A,15,accept,true,2026-03-23T04:17:00.454Z,165
211bb602-a794-4eea-aba6-4058285f5dba,A,16,accept,true,2026-03-23T04:17:00.629Z,167
211bb602-a794-4eea-aba6-4058285f5dba,A,17,accept,true,2026-03-23T04:17:00.771Z,149
211bb602-a794-4eea-aba6-4058285f5dba,A,18,accept,false,2026-03-23T04:17:00.937Z,165
211bb602-a794-4eea-aba6-4058285f5dba,A,19,accept,true,2026-03-23T04:17:01.089Z,150
211bb602-a794-4eea-aba6-4058285f5dba,A,20,accept,true,2026-03-23T04:17:01.255Z,166
9b4726c9-1d15-4b6a-bb0d-bf7bb2c561dd,A,1,accept,true,2026-03-23T04:21:37.610Z,199364
9b4726c9-1d15-4b6a-bb0d-bf7bb2c561dd,A,2,accept,true,2026-03-23T04:21:37.771Z,212
9b4726c9-1d15-4b6a-bb0d-bf7bb2c561dd,A,3,accept,true,2026-03-23T04:21:37.925Z,149
9b4726c9-1d15-4b6a-bb0d-bf7bb2c561dd,A,4,accept,false,2026-03-23T04:21:38.087Z,166
9b4726c9-1d15-4b6a-bb0d-bf7bb2c561dd,A,5,accept,false,2026-03-23T04:21:38.241Z,150
9b4726c9-1d15-4b6a-bb0d-bf7bb2c561dd,A,6,accept,true,2026-03-23T04:21:38.403Z,167
9b4726c9-1d15-4b6a-bb0d-bf7bb2c561dd,A,7,accept,true,2026-03-23T04:21:38.689Z,284
9b4726c9-1d15-4b6a-bb0d-bf7bb2c561dd,A,8,accept,false,2026-03-23T04:21:38.851Z,165
9b4726c9-1d15-4b6a-bb0d-bf7bb2c561dd,A,9,accept,true,2026-03-23T04:21:39.022Z,167
9b4726c9-1d15-4b6a-bb0d-bf7bb2c561dd,A,10,accept,true,2026-03-23T04:21:39.187Z,166
9b4726c9-1d15-4b6a-bb0d-bf7bb2c561dd,A,11,accept,false,2026-03-23T04:21:39.352Z,166
9b4726c9-1d15-4b6a-bb0d-bf7bb2c561dd,A,12,accept,true,2026-03-23T04:21:39.519Z,166
9b4726c9-1d15-4b6a-bb0d-bf7bb2c561dd,A,13,accept,false,2026-03-23T04:21:39.688Z,166
9b4726c9-1d15-4b6a-bb0d-bf7bb2c561dd,A,14,accept,false,2026-03-23T04:21:39.870Z,183
9b4726c9-1d15-4b6a-bb0d-bf7bb2c561dd,A,15,accept,true,2026-03-23T04:21:40.206Z,333
9b4726c9-1d15-4b6a-bb0d-bf7bb2c561dd,A,16,accept,true,2026-03-23T04:21:40.371Z,167
9b4726c9-1d15-4b6a-bb0d-bf7bb2c561dd,A,17,accept,true,2026-03-23T04:21:40.541Z,171
9b4726c9-1d15-4b6a-bb0d-bf7bb2c561dd,A,18,accept,false,2026-03-23T04:21:41.120Z,578
9b4726c9-1d15-4b6a-bb0d-bf7bb2c561dd,A,19,accept,true,2026-03-23T04:21:41.268Z,149
9b4726c9-1d15-4b6a-bb0d-bf7bb2c561dd,A,20,accept,true,2026-03-23T04:21:41.654Z,384
8c67d879-e5c5-4ce0-b962-e653afb1b2a4,B,1,accept,true,2026-03-23T04:39:19.421Z,800
8c67d879-e5c5-4ce0-b962-e653afb1b2a4,B,2,accept,true,2026-03-23T04:39:19.521Z,231
8c67d879-e5c5-4ce0-b962-e653afb1b2a4,B,3,accept,true,2026-03-23T04:39:19.673Z,150
8c67d879-e5c5-4ce0-b962-e653afb1b2a4,B,4,accept,false,2026-03-23T04:39:27.260Z,7567
8c67d879-e5c5-4ce0-b962-e653afb1b2a4,B,5,accept,false,2026-03-23T04:39:27.410Z,164
8c67d879-e5c5-4ce0-b962-e653afb1b2a4,B,6,accept,true,2026-03-23T04:39:27.723Z,316
8c67d879-e5c5-4ce0-b962-e653afb1b2a4,B,7,accept,true,2026-03-23T04:39:27.892Z,166
8c67d879-e5c5-4ce0-b962-e653afb1b2a4,B,8,accept,false,2026-03-23T04:39:28.192Z,300
8c67d879-e5c5-4ce0-b962-e653afb1b2a4,B,9,accept,true,2026-03-23T04:39:28.342Z,148
8c67d879-e5c5-4ce0-b962-e653afb1b2a4,B,10,accept,true,2026-03-23T04:39:28.473Z,133
8c67d879-e5c5-4ce0-b962-e653afb1b2a4,B,11,accept,false,2026-03-23T04:39:28.624Z,149
8c67d879-e5c5-4ce0-b962-e653afb1b2a4,B,12,accept,true,2026-03-23T04:39:28.735Z,116
8c67d879-e5c5-4ce0-b962-e653afb1b2a4,B,13,accept,false,2026-03-23T04:39:28.924Z,184
8c67d879-e5c5-4ce0-b962-e653afb1b2a4,B,14,accept,false,2026-03-23T04:39:29.039Z,117
8c67d879-e5c5-4ce0-b962-e653afb1b2a4,B,15,accept,true,2026-03-23T04:39:29.189Z,149
8c67d879-e5c5-4ce0-b962-e653afb1b2a4,B,16,accept,true,2026-03-23T04:39:29.340Z,150
8c67d879-e5c5-4ce0-b962-e653afb1b2a4,B,17,accept,true,2026-03-23T04:39:29.489Z,150
8c67d879-e5c5-4ce0-b962-e653afb1b2a4,B,18,accept,false,2026-03-23T04:39:29.672Z,182
8c67d879-e5c5-4ce0-b962-e653afb1b2a4,B,19,accept,true,2026-03-23T04:39:29.839Z,167
8c67d879-e5c5-4ce0-b962-e653afb1b2a4,B,20,accept,true,2026-03-23T04:39:30.007Z,167
